group,unit,folder,fault,events,first_alarm_hours_after_start
cooling,fault-free test,C:\Users\plete\Desktop\feedback-masked-faults\data\raw\ghalamsiah2026\Public_ScientificData_AHUFaults\Public_ScientificData_AHUFaults\01_RBC-ASHRAE1312\Real\Summer\20070830,,1,
cooling,fault-free test,C:\Users\plete\Desktop\feedback-masked-faults\data\raw\ghalamsiah2026\Public_ScientificData_AHUFaults\Public_ScientificData_AHUFaults\01_RBC-ASHRAE1312\Real\Summer\20070831,,2,
cooling,fault-free test,C:\Users\plete\Desktop\feedback-masked-faults\data\raw\ghalamsiah2026\Public_ScientificData_AHUFaults\Public_ScientificData_AHUFaults\01_RBC-ASHRAE1312\Real\Summer\20070901,,1,
cooling,fault-free test,C:\Users\plete\Desktop\feedback-masked-faults\data\raw\ghalamsiah2026\Public_ScientificData_AHUFaults\Public_ScientificData_AHUFaults\01_RBC-ASHRAE1312\Real\Summer\20070902,,1,
cooling,fault-free test,C:\Users\plete\Desktop\feedback-masked-faults\data\raw\ghalamsiah2026\Public_ScientificData_AHUFaults\Public_ScientificData_AHUFaults\01_RBC-ASHRAE1312\Real\Summer\20070903,,2,
cooling,fault-free test,C:\Users\plete\Desktop\feedback-masked-faults\data\raw\ghalamsiah2026\Public_ScientificData_AHUFaults\Public_ScientificData_AHUFaults\01_RBC-ASHRAE1312\Real\Summer\20070905,,2,
cooling,fault-free test,C:\Users\plete\Desktop\feedback-masked-faults\data\raw\ghalamsiah2026\Public_ScientificData_AHUFaults\Public_ScientificData_AHUFaults\01_RBC-ASHRAE1312\Real\Summer\20070906,,3,
cooling,fault-free test,C:\Users\plete\Desktop\feedback-masked-faults\data\raw\ghalamsiah2026\Public_ScientificData_AHUFaults\Public_ScientificData_AHUFaults\01_RBC-ASHRAE1312\Real\Summer\20070907,,3,
cooling,fault-free test,C:\Users\plete\Desktop\feedback-masked-faults\data\raw\ghalamsiah2026\Public_ScientificData_AHUFaults\Public_ScientificData_AHUFaults\01_RBC-ASHRAE1312\Real\Summer\20070908,,1,
cooling,fault-free test,C:\Users\plete\Desktop\feedback-masked-faults\data\raw\ghalamsiah2026\Public_ScientificData_AHUFaults\Public_ScientificData_AHUFaults\01_RBC-ASHRAE1312\Real\Transition\20080517,,2,
cooling,fault-free test,C:\Users\plete\Desktop\feedback-masked-faults\data\raw\ghalamsiah2026\Public_ScientificData_AHUFaults\Public_ScientificData_AHUFaults\01_RBC-ASHRAE1312\Real\Transition\20080518,,6,
cooling,fault-free test,C:\Users\plete\Desktop\feedback-masked-faults\data\raw\ghalamsiah2026\Public_ScientificData_AHUFaults\Public_ScientificData_AHUFaults\01_RBC-ASHRAE1312\Real\Transition\20080519,,1,
cooling,fault-free test,C:\Users\plete\Desktop\feedback-masked-faults\data\raw\ghalamsiah2026\Public_ScientificData_AHUFaults\Public_ScientificData_AHUFaults\01_RBC-ASHRAE1312\Real\Transition\20080522,,2,
cooling,fault-free test,C:\Users\plete\Desktop\feedback-masked-faults\data\raw\ghalamsiah2026\Public_ScientificData_AHUFaults\Public_ScientificData_AHUFaults\01_RBC-ASHRAE1312\Real\Transition\20080525,,4,
cooling,fault-free test,C:\Users\plete\Desktop\feedback-masked-faults\data\raw\ghalamsiah2026\Public_ScientificData_AHUFaults\Public_ScientificData_AHUFaults\01_RBC-ASHRAE1312\Real\Transition\20080527,,2,
cooling,fault-free test,C:\Users\plete\Desktop\feedback-masked-faults\data\raw\ghalamsiah2026\Public_ScientificData_AHUFaults\Public_ScientificData_AHUFaults\01_RBC-ASHRAE1312\Real\Transition\20080529,,2,
cooling,fault-free test,C:\Users\plete\Desktop\feedback-masked-faults\data\raw\ghalamsiah2026\Public_ScientificData_AHUFaults\Public_ScientificData_AHUFaults\01_RBC-ASHRAE1312\Real\Transition\20080530,,4,
cooling,fault-free test,C:\Users\plete\Desktop\feedback-masked-faults\data\raw\ghalamsiah2026\Public_ScientificData_AHUFaults\Public_ScientificData_AHUFaults\01_RBC-ASHRAE1312\Real\Transition\20080601,,2,
cooling,faulted,C:\Users\plete\Desktop\feedback-masked-faults\data\raw\ghalamsiah2026\Public_ScientificData_AHUFaults\Public_ScientificData_AHUFaults\01_RBC-ASHRAE1312\Real\Summer\20070820,EADamStuck_100,1,0.0
cooling,faulted,C:\Users\plete\Desktop\feedback-masked-faults\data\raw\ghalamsiah2026\Public_ScientificData_AHUFaults\Public_ScientificData_AHUFaults\01_RBC-ASHRAE1312\Real\Summer\20070821,EADamStuck_0,1,0.0
cooling,faulted,C:\Users\plete\Desktop\feedback-masked-faults\data\raw\ghalamsiah2026\Public_ScientificData_AHUFaults\Public_ScientificData_AHUFaults\01_RBC-ASHRAE1312\Real\Summer\20070822,RetFanFixed_30,1,0.0
cooling,faulted,C:\Users\plete\Desktop\feedback-masked-faults\data\raw\ghalamsiah2026\Public_ScientificData_AHUFaults\Public_ScientificData_AHUFaults\01_RBC-ASHRAE1312\Real\Summer\20070823,RetFan_Fail,2,0.0
cooling,faulted,C:\Users\plete\Desktop\feedback-masked-faults\data\raw\ghalamsiah2026\Public_ScientificData_AHUFaults\Public_ScientificData_AHUFaults\01_RBC-ASHRAE1312\Real\Summer\20070824,ConCooCoiVal_Unst,7,0.0
cooling,faulted,C:\Users\plete\Desktop\feedback-masked-faults\data\raw\ghalamsiah2026\Public_ScientificData_AHUFaults\Public_ScientificData_AHUFaults\01_RBC-ASHRAE1312\Real\Summer\20070826,OADamStuck_0,2,0.0
cooling,faulted,C:\Users\plete\Desktop\feedback-masked-faults\data\raw\ghalamsiah2026\Public_ScientificData_AHUFaults\Public_ScientificData_AHUFaults\01_RBC-ASHRAE1312\Real\Summer\20070827,CooCoiValStuck_0,1,0.0
cooling,faulted,C:\Users\plete\Desktop\feedback-masked-faults\data\raw\ghalamsiah2026\Public_ScientificData_AHUFaults\Public_ScientificData_AHUFaults\01_RBC-ASHRAE1312\Real\Summer\20070828,HeaCoiValLeak_0.4,1,0.0
cooling,faulted,C:\Users\plete\Desktop\feedback-masked-faults\data\raw\ghalamsiah2026\Public_ScientificData_AHUFaults\Public_ScientificData_AHUFaults\01_RBC-ASHRAE1312\Real\Summer\20070829,HeaCoiValLea_1,2,0.0
cooling,faulted,C:\Users\plete\Desktop\feedback-masked-faults\data\raw\ghalamsiah2026\Public_ScientificData_AHUFaults\Public_ScientificData_AHUFaults\01_RBC-ASHRAE1312\Real\Summer\20070830,HeaCoiValLa_2,2,0.0
cooling,faulted,C:\Users\plete\Desktop\feedback-masked-faults\data\raw\ghalamsiah2026\Public_ScientificData_AHUFaults\Public_ScientificData_AHUFaults\01_RBC-ASHRAE1312\Real\Summer\20070831,CooCoiValStuck_100,2,0.0
cooling,faulted,C:\Users\plete\Desktop\feedback-masked-faults\data\raw\ghalamsiah2026\Public_ScientificData_AHUFaults\Public_ScientificData_AHUFaults\01_RBC-ASHRAE1312\Real\Summer\20070901,CooCoiValStuck_15,1,0.0
cooling,faulted,C:\Users\plete\Desktop\feedback-masked-faults\data\raw\ghalamsiah2026\Public_ScientificData_AHUFaults\Public_ScientificData_AHUFaults\01_RBC-ASHRAE1312\Real\Summer\20070902,CooCoiValStuck_65,1,0.0
cooling,faulted,C:\Users\plete\Desktop\feedback-masked-faults\data\raw\ghalamsiah2026\Public_ScientificData_AHUFaults\Public_ScientificData_AHUFaults\01_RBC-ASHRAE1312\Real\Summer\20070903,CooCoiVal_Reverse,1,0.0
cooling,faulted,C:\Users\plete\Desktop\feedback-masked-faults\data\raw\ghalamsiah2026\Public_ScientificData_AHUFaults\Public_ScientificData_AHUFaults\01_RBC-ASHRAE1312\Real\Summer\20070905,OADamLeak_45,1,0.0
cooling,faulted,C:\Users\plete\Desktop\feedback-masked-faults\data\raw\ghalamsiah2026\Public_ScientificData_AHUFaults\Public_ScientificData_AHUFaults\01_RBC-ASHRAE1312\Real\Summer\20070906,OADamLeak_55,1,0.0
cooling,faulted,C:\Users\plete\Desktop\feedback-masked-faults\data\raw\ghalamsiah2026\Public_ScientificData_AHUFaults\Public_ScientificData_AHUFaults\01_RBC-ASHRAE1312\Real\Summer\20070907,SupDucLea_AfterSF,1,0.0
cooling,faulted,C:\Users\plete\Desktop\feedback-masked-faults\data\raw\ghalamsiah2026\Public_ScientificData_AHUFaults\Public_ScientificData_AHUFaults\01_RBC-ASHRAE1312\Real\Summer\20070908,SupDucLea_BeforeSF,1,0.0
cooling,faulted,C:\Users\plete\Desktop\feedback-masked-faults\data\raw\ghalamsiah2026\Public_ScientificData_AHUFaults\Public_ScientificData_AHUFaults\01_RBC-ASHRAE1312\Real\Transition\20080506,CooCoiVal_Stuck_0,11,0.0
cooling,faulted,C:\Users\plete\Desktop\feedback-masked-faults\data\raw\ghalamsiah2026\Public_ScientificData_AHUFaults\Public_ScientificData_AHUFaults\01_RBC-ASHRAE1312\Real\Transition\20080507,OADamStuck_0,1,0.0
cooling,faulted,C:\Users\plete\Desktop\feedback-masked-faults\data\raw\ghalamsiah2026\Public_ScientificData_AHUFaults\Public_ScientificData_AHUFaults\01_RBC-ASHRAE1312\Real\Transition\20080508,OADamStuck_40,2,0.0
cooling,faulted,C:\Users\plete\Desktop\feedback-masked-faults\data\raw\ghalamsiah2026\Public_ScientificData_AHUFaults\Public_ScientificData_AHUFaults\01_RBC-ASHRAE1312\Real\Transition\20080510,EADamStuck_0,1,0.0
cooling,faulted,C:\Users\plete\Desktop\feedback-masked-faults\data\raw\ghalamsiah2026\Public_ScientificData_AHUFaults\Public_ScientificData_AHUFaults\01_RBC-ASHRAE1312\Real\Transition\20080511,EADamStuck_40,1,0.0
cooling,faulted,C:\Users\plete\Desktop\feedback-masked-faults\data\raw\ghalamsiah2026\Public_ScientificData_AHUFaults\Public_ScientificData_AHUFaults\01_RBC-ASHRAE1312\Real\Transition\20080512,RetFan_Fail,1,0.0
cooling,faulted,C:\Users\plete\Desktop\feedback-masked-faults\data\raw\ghalamsiah2026\Public_ScientificData_AHUFaults\Public_ScientificData_AHUFaults\01_RBC-ASHRAE1312\Real\Transition\20080513,MADam_Unst,1,0.0
cooling,faulted,C:\Users\plete\Desktop\feedback-masked-faults\data\raw\ghalamsiah2026\Public_ScientificData_AHUFaults\Public_ScientificData_AHUFaults\01_RBC-ASHRAE1312\Real\Transition\20080514,Con_MADam_CooCoi_Unst,35,0.0
cooling,faulted,C:\Users\plete\Desktop\feedback-masked-faults\data\raw\ghalamsiah2026\Public_ScientificData_AHUFaults\Public_ScientificData_AHUFaults\01_RBC-ASHRAE1312\Real\Transition\20080515,CooCoilValStuck_100,1,0.0
cooling,faulted,C:\Users\plete\Desktop\feedback-masked-faults\data\raw\ghalamsiah2026\Public_ScientificData_AHUFaults\Public_ScientificData_AHUFaults\01_RBC-ASHRAE1312\Real\Transition\20080516,CooCoilValStuck_50,1,0.0
cooling,faulted,C:\Users\plete\Desktop\feedback-masked-faults\data\raw\ghalamsiah2026\Public_ScientificData_AHUFaults\Public_ScientificData_AHUFaults\01_RBC-ASHRAE1312\Real\Transition\20080517,HeaCooSeq_Unst,40,0.0
cooling,faulted,C:\Users\plete\Desktop\feedback-masked-faults\data\raw\ghalamsiah2026\Public_ScientificData_AHUFaults\Public_ScientificData_AHUFaults\01_RBC-ASHRAE1312\Real\Transition\20080518,RetFanFixed_20,18,0.0
cooling,faulted,C:\Users\plete\Desktop\feedback-masked-faults\data\raw\ghalamsiah2026\Public_ScientificData_AHUFaults\Public_ScientificData_AHUFaults\01_RBC-ASHRAE1312\Real\Transition\20080519,RetFanFixed_80,1,0.0
cooling,faulted,C:\Users\plete\Desktop\feedback-masked-faults\data\raw\ghalamsiah2026\Public_ScientificData_AHUFaults\Public_ScientificData_AHUFaults\01_RBC-ASHRAE1312\Real\Transition\20080522,AirFilBlock_10,1,0.0
cooling,faulted,C:\Users\plete\Desktop\feedback-masked-faults\data\raw\ghalamsiah2026\Public_ScientificData_AHUFaults\Public_ScientificData_AHUFaults\01_RBC-ASHRAE1312\Real\Transition\20080525,AirFilBlock_25,3,0.0
cooling,faulted,C:\Users\plete\Desktop\feedback-masked-faults\data\raw\ghalamsiah2026\Public_ScientificData_AHUFaults\Public_ScientificData_AHUFaults\01_RBC-ASHRAE1312\Real\Transition\20080527,EADamStuck_100,2,0.0
cooling,faulted,C:\Users\plete\Desktop\feedback-masked-faults\data\raw\ghalamsiah2026\Public_ScientificData_AHUFaults\Public_ScientificData_AHUFaults\01_RBC-ASHRAE1312\Real\Transition\20080529,TOut_p3,1,0.0
cooling,faulted,C:\Users\plete\Desktop\feedback-masked-faults\data\raw\ghalamsiah2026\Public_ScientificData_AHUFaults\Public_ScientificData_AHUFaults\01_RBC-ASHRAE1312\Real\Transition\20080530,TOut_m3,5,0.0
cooling,faulted,C:\Users\plete\Desktop\feedback-masked-faults\data\raw\ghalamsiah2026\Public_ScientificData_AHUFaults\Public_ScientificData_AHUFaults\01_RBC-ASHRAE1312\Real\Transition\20080601,ConSupFan_Unst,2,0.0
heating,fault-free test,C:\Users\plete\Desktop\feedback-masked-faults\data\raw\ghalamsiah2026\Public_ScientificData_AHUFaults\Public_ScientificData_AHUFaults\01_RBC-ASHRAE1312\Real\Winter\20080209,,3,
heating,fault-free test,C:\Users\plete\Desktop\feedback-masked-faults\data\raw\ghalamsiah2026\Public_ScientificData_AHUFaults\Public_ScientificData_AHUFaults\01_RBC-ASHRAE1312\Real\Winter\20080210,,5,
heating,fault-free test,C:\Users\plete\Desktop\feedback-masked-faults\data\raw\ghalamsiah2026\Public_ScientificData_AHUFaults\Public_ScientificData_AHUFaults\01_RBC-ASHRAE1312\Real\Winter\20080211,,20,
heating,fault-free test,C:\Users\plete\Desktop\feedback-masked-faults\data\raw\ghalamsiah2026\Public_ScientificData_AHUFaults\Public_ScientificData_AHUFaults\01_RBC-ASHRAE1312\Real\Winter\20080212,,4,
heating,fault-free test,C:\Users\plete\Desktop\feedback-masked-faults\data\raw\ghalamsiah2026\Public_ScientificData_AHUFaults\Public_ScientificData_AHUFaults\01_RBC-ASHRAE1312\Real\Winter\20080213,,18,
heating,fault-free test,C:\Users\plete\Desktop\feedback-masked-faults\data\raw\ghalamsiah2026\Public_ScientificData_AHUFaults\Public_ScientificData_AHUFaults\01_RBC-ASHRAE1312\Real\Winter\20080215,,4,
heating,faulted,C:\Users\plete\Desktop\feedback-masked-faults\data\raw\ghalamsiah2026\Public_ScientificData_AHUFaults\Public_ScientificData_AHUFaults\01_RBC-ASHRAE1312\Real\Winter\20080202,EADamStuck_100,2,0.0
heating,faulted,C:\Users\plete\Desktop\feedback-masked-faults\data\raw\ghalamsiah2026\Public_ScientificData_AHUFaults\Public_ScientificData_AHUFaults\01_RBC-ASHRAE1312\Real\Winter\20080203,EADamStuck_0,2,0.0
heating,faulted,C:\Users\plete\Desktop\feedback-masked-faults\data\raw\ghalamsiah2026\Public_ScientificData_AHUFaults\Public_ScientificData_AHUFaults\01_RBC-ASHRAE1312\Real\Winter\20080205,HeaCoiFou_1,84,0.0
heating,faulted,C:\Users\plete\Desktop\feedback-masked-faults\data\raw\ghalamsiah2026\Public_ScientificData_AHUFaults\Public_ScientificData_AHUFaults\01_RBC-ASHRAE1312\Real\Winter\20080206,HeaCoiFou_2,1,0.0
heating,faulted,C:\Users\plete\Desktop\feedback-masked-faults\data\raw\ghalamsiah2026\Public_ScientificData_AHUFaults\Public_ScientificData_AHUFaults\01_RBC-ASHRAE1312\Real\Winter\20080207,HeatCoiReduCapa_1,4,0.0
heating,faulted,C:\Users\plete\Desktop\feedback-masked-faults\data\raw\ghalamsiah2026\Public_ScientificData_AHUFaults\Public_ScientificData_AHUFaults\01_RBC-ASHRAE1312\Real\Winter\20080208,HeatCoiReduCapa_2,29,0.0
heating,faulted,C:\Users\plete\Desktop\feedback-masked-faults\data\raw\ghalamsiah2026\Public_ScientificData_AHUFaults\Public_ScientificData_AHUFaults\01_RBC-ASHRAE1312\Real\Winter\20080209,HeatCoiReduCapa_3,2,0.0
heating,faulted,C:\Users\plete\Desktop\feedback-masked-faults\data\raw\ghalamsiah2026\Public_ScientificData_AHUFaults\Public_ScientificData_AHUFaults\01_RBC-ASHRAE1312\Real\Winter\20080210,CooCoiValStuck_100,3,0.0
heating,faulted,C:\Users\plete\Desktop\feedback-masked-faults\data\raw\ghalamsiah2026\Public_ScientificData_AHUFaults\Public_ScientificData_AHUFaults\01_RBC-ASHRAE1312\Real\Winter\20080211,CooCoiValStuck_20,8,0.0
heating,faulted,C:\Users\plete\Desktop\feedback-masked-faults\data\raw\ghalamsiah2026\Public_ScientificData_AHUFaults\Public_ScientificData_AHUFaults\01_RBC-ASHRAE1312\Real\Winter\20080212,OADamStuck_0,1,0.0
heating,faulted,C:\Users\plete\Desktop\feedback-masked-faults\data\raw\ghalamsiah2026\Public_ScientificData_AHUFaults\Public_ScientificData_AHUFaults\01_RBC-ASHRAE1312\Real\Winter\20080213,OADamLea_52,7,0.0
heating,faulted,C:\Users\plete\Desktop\feedback-masked-faults\data\raw\ghalamsiah2026\Public_ScientificData_AHUFaults\Public_ScientificData_AHUFaults\01_RBC-ASHRAE1312\Real\Winter\20080215,EADamLea_62,70,0.0
