target,detector,block_minutes,arl0_days,alarms,test_days,alarms_per_day,nominal_per_day,min_delay_hours
ccv_cmd,"Gaussian CUSUM, 1 min",1,1,52,18,2.888888888888889,1.0,
ccv_cmd,"e-detector, 1 min",1,1,22,18,1.2222222222222223,1.0,0.23333333333333334
ccv_cmd,"e-detector, 1 min, no DKW",1,1,28,18,1.5555555555555556,1.0,0.1
ccv_cmd,"Gaussian CUSUM, 15 min",15,1,122,18,6.777777777777778,1.0,
ccv_cmd,"e-detector, 15 min",15,1,27,18,1.5,1.0,1.5
ccv_cmd,"e-detector, 15 min, no DKW",15,1,60,18,3.3333333333333335,1.0,0.5
ccv_cmd,"Gaussian CUSUM, 30 min",30,1,77,18,4.277777777777778,1.0,
ccv_cmd,"e-detector, 30 min",30,1,7,18,0.3888888888888889,1.0,3.5
ccv_cmd,"e-detector, 30 min, no DKW",30,1,31,18,1.7222222222222223,1.0,1.0
ccv_cmd,"Gaussian CUSUM, 60 min",60,1,53,18,2.9444444444444446,1.0,
ccv_cmd,"e-detector, 60 min",60,1,1,18,0.05555555555555555,1.0,9.0
ccv_cmd,"e-detector, 60 min, no DKW",60,1,17,18,0.9444444444444444,1.0,2.0
ccv_cmd,"Gaussian CUSUM, 120 min",120,1,35,18,1.9444444444444444,1.0,
ccv_cmd,"e-detector, 120 min",120,1,0,18,0.0,1.0,26.0
ccv_cmd,"e-detector, 120 min, no DKW",120,1,6,18,0.3333333333333333,1.0,4.0
ccv_cmd,"Gaussian CUSUM, 1 min",1,7,24,18,1.3333333333333333,0.14285714285714285,
ccv_cmd,"e-detector, 1 min",1,7,14,18,0.7777777777777778,0.14285714285714285,0.2833333333333333
ccv_cmd,"e-detector, 1 min, no DKW",1,7,22,18,1.2222222222222223,0.14285714285714285,0.11666666666666667
ccv_cmd,"Gaussian CUSUM, 15 min",15,7,76,18,4.222222222222222,0.14285714285714285,
ccv_cmd,"e-detector, 15 min",15,7,14,18,0.7777777777777778,0.14285714285714285,2.0
ccv_cmd,"e-detector, 15 min, no DKW",15,7,41,18,2.2777777777777777,0.14285714285714285,0.75
ccv_cmd,"Gaussian CUSUM, 30 min",30,7,44,18,2.4444444444444446,0.14285714285714285,
ccv_cmd,"e-detector, 30 min",30,7,3,18,0.16666666666666666,0.14285714285714285,5.0
ccv_cmd,"e-detector, 30 min, no DKW",30,7,19,18,1.0555555555555556,0.14285714285714285,1.5
ccv_cmd,"Gaussian CUSUM, 60 min",60,7,33,18,1.8333333333333333,0.14285714285714285,
ccv_cmd,"e-detector, 60 min",60,7,0,18,0.0,0.14285714285714285,13.0
ccv_cmd,"e-detector, 60 min, no DKW",60,7,8,18,0.4444444444444444,0.14285714285714285,3.0
ccv_cmd,"Gaussian CUSUM, 120 min",120,7,23,18,1.2777777777777777,0.14285714285714285,
ccv_cmd,"e-detector, 120 min",120,7,0,18,0.0,0.14285714285714285,40.0
ccv_cmd,"e-detector, 120 min, no DKW",120,7,4,18,0.2222222222222222,0.14285714285714285,6.0
ccv_cmd,"Gaussian CUSUM, 1 min",1,30,16,18,0.8888888888888888,0.03333333333333333,
ccv_cmd,"e-detector, 1 min",1,30,12,18,0.6666666666666666,0.03333333333333333,0.31666666666666665
ccv_cmd,"e-detector, 1 min, no DKW",1,30,20,18,1.1111111111111112,0.03333333333333333,0.13333333333333333
ccv_cmd,"Gaussian CUSUM, 15 min",15,30,57,18,3.1666666666666665,0.03333333333333333,
ccv_cmd,"e-detector, 15 min",15,30,9,18,0.5,0.03333333333333333,2.5
ccv_cmd,"e-detector, 15 min, no DKW",15,30,33,18,1.8333333333333333,0.03333333333333333,0.75
ccv_cmd,"Gaussian CUSUM, 30 min",30,30,32,18,1.7777777777777777,0.03333333333333333,
ccv_cmd,"e-detector, 30 min",30,30,1,18,0.05555555555555555,0.03333333333333333,5.5
ccv_cmd,"e-detector, 30 min, no DKW",30,30,12,18,0.6666666666666666,0.03333333333333333,1.5
ccv_cmd,"Gaussian CUSUM, 60 min",60,30,23,18,1.2777777777777777,0.03333333333333333,
ccv_cmd,"e-detector, 60 min",60,30,0,18,0.0,0.03333333333333333,15.0
ccv_cmd,"e-detector, 60 min, no DKW",60,30,6,18,0.3333333333333333,0.03333333333333333,4.0
ccv_cmd,"Gaussian CUSUM, 120 min",120,30,12,18,0.6666666666666666,0.03333333333333333,
ccv_cmd,"e-detector, 120 min",120,30,0,18,0.0,0.03333333333333333,50.0
ccv_cmd,"e-detector, 120 min, no DKW",120,30,3,18,0.16666666666666666,0.03333333333333333,8.0
hcv_cmd,"Gaussian CUSUM, 1 min",1,1,23,6,3.8333333333333335,1.0,
hcv_cmd,"e-detector, 1 min",1,1,13,6,2.1666666666666665,1.0,0.26666666666666666
hcv_cmd,"e-detector, 1 min, no DKW",1,1,37,6,6.166666666666667,1.0,0.11666666666666667
hcv_cmd,"Gaussian CUSUM, 15 min",15,1,24,6,4.0,1.0,
hcv_cmd,"e-detector, 15 min",15,1,5,6,0.8333333333333334,1.0,2.5
hcv_cmd,"e-detector, 15 min, no DKW",15,1,22,6,3.6666666666666665,1.0,0.75
hcv_cmd,"Gaussian CUSUM, 30 min",30,1,13,6,2.1666666666666665,1.0,
hcv_cmd,"e-detector, 30 min",30,1,1,6,0.16666666666666666,1.0,7.0
hcv_cmd,"e-detector, 30 min, no DKW",30,1,11,6,1.8333333333333333,1.0,1.5
hcv_cmd,"Gaussian CUSUM, 60 min",60,1,8,6,1.3333333333333333,1.0,
hcv_cmd,"e-detector, 60 min",60,1,0,6,0.0,1.0,21.0
hcv_cmd,"e-detector, 60 min, no DKW",60,1,5,6,0.8333333333333334,1.0,3.0
hcv_cmd,"Gaussian CUSUM, 120 min",120,1,6,6,1.0,1.0,
hcv_cmd,"e-detector, 120 min",120,1,0,6,0.0,1.0,160.0
hcv_cmd,"e-detector, 120 min, no DKW",120,1,1,6,0.16666666666666666,1.0,6.0
hcv_cmd,"Gaussian CUSUM, 1 min",1,7,8,6,1.3333333333333333,0.14285714285714285,
hcv_cmd,"e-detector, 1 min",1,7,10,6,1.6666666666666667,0.14285714285714285,0.31666666666666665
hcv_cmd,"e-detector, 1 min, no DKW",1,7,31,6,5.166666666666667,0.14285714285714285,0.13333333333333333
hcv_cmd,"Gaussian CUSUM, 15 min",15,7,14,6,2.3333333333333335,0.14285714285714285,
hcv_cmd,"e-detector, 15 min",15,7,3,6,0.5,0.14285714285714285,3.25
hcv_cmd,"e-detector, 15 min, no DKW",15,7,15,6,2.5,0.14285714285714285,0.75
hcv_cmd,"Gaussian CUSUM, 30 min",30,7,7,6,1.1666666666666667,0.14285714285714285,
hcv_cmd,"e-detector, 30 min",30,7,0,6,0.0,0.14285714285714285,9.5
hcv_cmd,"e-detector, 30 min, no DKW",30,7,6,6,1.0,0.14285714285714285,2.0
hcv_cmd,"Gaussian CUSUM, 60 min",60,7,4,6,0.6666666666666666,0.14285714285714285,
hcv_cmd,"e-detector, 60 min",60,7,0,6,0.0,0.14285714285714285,30.0
hcv_cmd,"e-detector, 60 min, no DKW",60,7,1,6,0.16666666666666666,0.14285714285714285,4.0
hcv_cmd,"Gaussian CUSUM, 120 min",120,7,1,6,0.16666666666666666,0.14285714285714285,
hcv_cmd,"e-detector, 120 min",120,7,0,6,0.0,0.14285714285714285,248.0
hcv_cmd,"e-detector, 120 min, no DKW",120,7,0,6,0.0,0.14285714285714285,10.0
hcv_cmd,"Gaussian CUSUM, 1 min",1,30,1,6,0.16666666666666666,0.03333333333333333,
hcv_cmd,"e-detector, 1 min",1,30,7,6,1.1666666666666667,0.03333333333333333,0.36666666666666664
hcv_cmd,"e-detector, 1 min, no DKW",1,30,25,6,4.166666666666667,0.03333333333333333,0.15
hcv_cmd,"Gaussian CUSUM, 15 min",15,30,11,6,1.8333333333333333,0.03333333333333333,
hcv_cmd,"e-detector, 15 min",15,30,2,6,0.3333333333333333,0.03333333333333333,3.75
hcv_cmd,"e-detector, 15 min, no DKW",15,30,12,6,2.0,0.03333333333333333,1.0
hcv_cmd,"Gaussian CUSUM, 30 min",30,30,5,6,0.8333333333333334,0.03333333333333333,
hcv_cmd,"e-detector, 30 min",30,30,0,6,0.0,0.03333333333333333,11.5
hcv_cmd,"e-detector, 30 min, no DKW",30,30,5,6,0.8333333333333334,0.03333333333333333,2.0
hcv_cmd,"Gaussian CUSUM, 60 min",60,30,2,6,0.3333333333333333,0.03333333333333333,
hcv_cmd,"e-detector, 60 min",60,30,0,6,0.0,0.03333333333333333,37.0
hcv_cmd,"e-detector, 60 min, no DKW",60,30,1,6,0.16666666666666666,0.03333333333333333,5.0
hcv_cmd,"Gaussian CUSUM, 120 min",120,30,1,6,0.16666666666666666,0.03333333333333333,
hcv_cmd,"e-detector, 120 min",120,30,0,6,0.0,0.03333333333333333,312.0
hcv_cmd,"e-detector, 120 min, no DKW",120,30,0,6,0.0,0.03333333333333333,12.0
fan_cmd,"Gaussian CUSUM, 1 min",1,1,38,24,1.5833333333333333,1.0,
fan_cmd,"e-detector, 1 min",1,1,19,24,0.7916666666666666,1.0,0.21666666666666667
fan_cmd,"e-detector, 1 min, no DKW",1,1,39,24,1.625,1.0,0.1
fan_cmd,"Gaussian CUSUM, 15 min",15,1,99,24,4.125,1.0,
fan_cmd,"e-detector, 15 min",15,1,35,24,1.4583333333333333,1.0,1.5
fan_cmd,"e-detector, 15 min, no DKW",15,1,75,24,3.125,1.0,0.5
fan_cmd,"Gaussian CUSUM, 30 min",30,1,50,24,2.0833333333333335,1.0,
fan_cmd,"e-detector, 30 min",30,1,8,24,0.3333333333333333,1.0,3.0
fan_cmd,"e-detector, 30 min, no DKW",30,1,39,24,1.625,1.0,1.0
fan_cmd,"Gaussian CUSUM, 60 min",60,1,26,24,1.0833333333333333,1.0,
fan_cmd,"e-detector, 60 min",60,1,1,24,0.041666666666666664,1.0,8.0
fan_cmd,"e-detector, 60 min, no DKW",60,1,17,24,0.7083333333333334,1.0,2.0
fan_cmd,"Gaussian CUSUM, 120 min",120,1,12,24,0.5,1.0,
fan_cmd,"e-detector, 120 min",120,1,0,24,0.0,1.0,22.0
fan_cmd,"e-detector, 120 min, no DKW",120,1,6,24,0.25,1.0,4.0
fan_cmd,"Gaussian CUSUM, 1 min",1,7,14,24,0.5833333333333334,0.14285714285714285,
fan_cmd,"e-detector, 1 min",1,7,14,24,0.5833333333333334,0.14285714285714285,0.26666666666666666
fan_cmd,"e-detector, 1 min, no DKW",1,7,26,24,1.0833333333333333,0.14285714285714285,0.11666666666666667
fan_cmd,"Gaussian CUSUM, 15 min",15,7,83,24,3.4583333333333335,0.14285714285714285,
fan_cmd,"e-detector, 15 min",15,7,26,24,1.0833333333333333,0.14285714285714285,1.75
fan_cmd,"e-detector, 15 min, no DKW",15,7,52,24,2.1666666666666665,0.14285714285714285,0.75
fan_cmd,"Gaussian CUSUM, 30 min",30,7,43,24,1.7916666666666667,0.14285714285714285,
fan_cmd,"e-detector, 30 min",30,7,6,24,0.25,0.14285714285714285,4.5
fan_cmd,"e-detector, 30 min, no DKW",30,7,27,24,1.125,0.14285714285714285,1.5
fan_cmd,"Gaussian CUSUM, 60 min",60,7,21,24,0.875,0.14285714285714285,
fan_cmd,"e-detector, 60 min",60,7,0,24,0.0,0.14285714285714285,11.0
fan_cmd,"e-detector, 60 min, no DKW",60,7,8,24,0.3333333333333333,0.14285714285714285,3.0
fan_cmd,"Gaussian CUSUM, 120 min",120,7,11,24,0.4583333333333333,0.14285714285714285,
fan_cmd,"e-detector, 120 min",120,7,0,24,0.0,0.14285714285714285,32.0
fan_cmd,"e-detector, 120 min, no DKW",120,7,1,24,0.041666666666666664,0.14285714285714285,6.0
fan_cmd,"Gaussian CUSUM, 1 min",1,30,7,24,0.2916666666666667,0.03333333333333333,
fan_cmd,"e-detector, 1 min",1,30,11,24,0.4583333333333333,0.03333333333333333,0.3
fan_cmd,"e-detector, 1 min, no DKW",1,30,23,24,0.9583333333333334,0.03333333333333333,0.13333333333333333
fan_cmd,"Gaussian CUSUM, 15 min",15,30,73,24,3.0416666666666665,0.03333333333333333,
fan_cmd,"e-detector, 15 min",15,30,15,24,0.625,0.03333333333333333,2.25
fan_cmd,"e-detector, 15 min, no DKW",15,30,39,24,1.625,0.03333333333333333,0.75
fan_cmd,"Gaussian CUSUM, 30 min",30,30,38,24,1.5833333333333333,0.03333333333333333,
fan_cmd,"e-detector, 30 min",30,30,2,24,0.08333333333333333,0.03333333333333333,5.0
fan_cmd,"e-detector, 30 min, no DKW",30,30,19,24,0.7916666666666666,0.03333333333333333,1.5
fan_cmd,"Gaussian CUSUM, 60 min",60,30,19,24,0.7916666666666666,0.03333333333333333,
fan_cmd,"e-detector, 60 min",60,30,0,24,0.0,0.03333333333333333,13.0
fan_cmd,"e-detector, 60 min, no DKW",60,30,6,24,0.25,0.03333333333333333,3.0
fan_cmd,"Gaussian CUSUM, 120 min",120,30,10,24,0.4166666666666667,0.03333333333333333,
fan_cmd,"e-detector, 120 min",120,30,0,24,0.0,0.03333333333333333,40.0
fan_cmd,"e-detector, 120 min, no DKW",120,30,0,24,0.0,0.03333333333333333,8.0
