monitor,kind,season,date,fault,mean_residual,hours,alarm_hour,alarm_sign,control_alarm_hour
cooling valve,effort,Summer,2007-08-20,EADamStuck_100,-0.02816921568713499,11,,0,
cooling valve,effort,Summer,2007-08-21,EADamStuck_0,-0.06049354924485638,11,,0,
cooling valve,effort,Summer,2007-08-22,RetFanFixed_30,0.053009260552335874,11,,0,
cooling valve,effort,Summer,2007-08-23,RetFan_Fail,0.13365541545272597,11,,0,
cooling valve,effort,Summer,2007-08-24,ConCooCoiVal_Unst,-0.03616262073758756,11,,0,
cooling valve,effort,Summer,2007-08-26,OADamStuck_0,0.0571477497018562,11,,0,
cooling valve,effort,Summer,2007-08-27,CooCoiValStuck_0,-0.6132044056882788,11,10.0,-1,
cooling valve,effort,Summer,2007-08-28,HeaCoiValLeak_0.4,0.05501981359186331,11,,0,
cooling valve,effort,Summer,2007-08-29,HeaCoiValLea_1,0.07404507632238302,11,,0,
cooling valve,effort,Summer,2007-08-30,HeaCoiValLa_2,0.17626017217883494,11,,0,
cooling valve,effort,Summer,2007-08-31,CooCoiValStuck_100,0.4670788944991202,11,,0,
cooling valve,effort,Summer,2007-09-01,CooCoiValStuck_15,-0.30994247735215663,11,10.0,-1,
cooling valve,effort,Summer,2007-09-02,CooCoiValStuck_65,0.22396398996821085,11,10.0,1,
cooling valve,effort,Summer,2007-09-03,CooCoiVal_Reverse,0.5115380084834554,11,10.0,1,
cooling valve,effort,Summer,2007-09-05,OADamLeak_45,-0.028185390570929232,11,,0,
cooling valve,effort,Summer,2007-09-06,OADamLeak_55,-0.020209603934569123,11,,0,
cooling valve,effort,Summer,2007-09-07,SupDucLea_AfterSF,-0.041355512512477446,11,,0,
cooling valve,effort,Summer,2007-09-08,SupDucLea_BeforeSF,-0.08350836825741248,11,,0,
cooling valve,effort,Transition,2008-05-06,CooCoiVal_Stuck_0,-0.46491355270851803,11,10.0,-1,
cooling valve,effort,Transition,2008-05-07,OADamStuck_0,0.666870975829131,11,10.0,1,
cooling valve,effort,Transition,2008-05-08,OADamStuck_40,-0.00034748601368407236,11,,0,
cooling valve,effort,Transition,2008-05-10,EADamStuck_0,-0.0693315841563045,11,,0,
cooling valve,effort,Transition,2008-05-11,EADamStuck_40,-0.0730957968899328,11,,0,
cooling valve,effort,Transition,2008-05-12,RetFan_Fail,-0.05555595090186037,11,,0,
cooling valve,effort,Transition,2008-05-13,MADam_Unst,-0.08569197667585182,15,,0,
cooling valve,effort,Transition,2008-05-14,Con_MADam_CooCoi_Unst,-0.041579253244368564,17,,0,
cooling valve,effort,Transition,2008-05-15,CooCoilValStuck_100,0.6510483584365868,11,10.0,1,
cooling valve,effort,Transition,2008-05-16,CooCoilValStuck_50,0.16013812178860162,11,,0,
cooling valve,effort,Transition,2008-05-17,HeaCooSeq_Unst,-0.10306990553596641,17,,0,
cooling valve,effort,Transition,2008-05-18,RetFanFixed_20,-0.08290023488605479,17,,0,
cooling valve,effort,Transition,2008-05-19,RetFanFixed_80,-0.09505439786849827,17,17.0,-1,
cooling valve,effort,Transition,2008-05-22,AirFilBlock_10,-0.06587262302726345,9,,0,
cooling valve,effort,Transition,2008-05-25,AirFilBlock_25,-0.0012265014451685453,17,,0,
cooling valve,effort,Transition,2008-05-27,EADamStuck_100,-0.07310417493879001,17,,0,
cooling valve,effort,Transition,2008-05-29,TOut_p3,-0.05674057320276134,17,,0,
cooling valve,effort,Transition,2008-05-30,TOut_m3,0.00996553308353418,17,,0,
cooling valve,effort,Transition,2008-06-01,ConSupFan_Unst,-0.09493514303368641,22,20.0,-1,
heating valve,effort,Winter,2008-02-02,EADamStuck_100,0.006886078003950062,11,,0,
heating valve,effort,Winter,2008-02-03,EADamStuck_0,0.05569802868616155,11,,0,
heating valve,effort,Winter,2008-02-05,HeaCoiFou_1,0.057156488719974835,11,,0,
heating valve,effort,Winter,2008-02-06,HeaCoiFou_2,0.02371273271988184,11,,0,
heating valve,effort,Winter,2008-02-07,HeatCoiReduCapa_1,0.08052312750967101,11,,0,
heating valve,effort,Winter,2008-02-08,HeatCoiReduCapa_2,0.197835505673853,11,,0,
heating valve,effort,Winter,2008-02-09,HeatCoiReduCapa_3,0.7472203593313806,11,,0,
heating valve,effort,Winter,2008-02-10,CooCoiValStuck_100,0.641275381094685,11,,0,
heating valve,effort,Winter,2008-02-11,CooCoiValStuck_20,0.025143773790107782,11,,0,
heating valve,effort,Winter,2008-02-12,OADamStuck_0,-0.10660494081839086,11,,0,
heating valve,effort,Winter,2008-02-13,OADamLea_52,0.0025340313376215036,11,,0,
heating valve,effort,Winter,2008-02-15,EADamLea_62,0.008338421555904644,11,,0,
supply fan,effort,Summer,2007-08-20,EADamStuck_100,0.004389659112841462,11,,0,
supply fan,effort,Summer,2007-08-21,EADamStuck_0,-0.009869629480293922,11,,0,
supply fan,effort,Summer,2007-08-22,RetFanFixed_30,0.014995147396136782,11,,0,
supply fan,effort,Summer,2007-08-23,RetFan_Fail,0.03222664688704584,11,11.0,1,
supply fan,effort,Summer,2007-08-24,ConCooCoiVal_Unst,0.007592439447599413,11,,0,
supply fan,effort,Summer,2007-08-26,OADamStuck_0,0.21694199402297248,11,9.0,1,
supply fan,effort,Summer,2007-08-27,CooCoiValStuck_0,0.023734705519940284,11,,0,
supply fan,effort,Summer,2007-08-28,HeaCoiValLeak_0.4,0.009824876120543646,11,,0,
supply fan,effort,Summer,2007-08-29,HeaCoiValLea_1,-0.008143411663404196,11,,0,
supply fan,effort,Summer,2007-08-30,HeaCoiValLa_2,-0.00036301772317450106,11,,0,
supply fan,effort,Summer,2007-08-31,CooCoiValStuck_100,0.008372702412116673,11,,0,
supply fan,effort,Summer,2007-09-01,CooCoiValStuck_15,0.015625348661192657,11,,0,
supply fan,effort,Summer,2007-09-02,CooCoiValStuck_65,0.041029182542201885,11,,0,
supply fan,effort,Summer,2007-09-03,CooCoiVal_Reverse,0.04140165315978384,11,,0,
supply fan,effort,Summer,2007-09-05,OADamLeak_45,-0.009512114582706828,11,,0,
supply fan,effort,Summer,2007-09-06,OADamLeak_55,-0.04220414474629491,11,10.0,-1,
supply fan,effort,Summer,2007-09-07,SupDucLea_AfterSF,-0.0030713630458419207,11,,0,
supply fan,effort,Summer,2007-09-08,SupDucLea_BeforeSF,-0.06756962908022679,11,9.0,-1,
supply fan,effort,Transition,2008-05-06,CooCoiVal_Stuck_0,0.016251892460648606,11,,0,
supply fan,effort,Transition,2008-05-07,OADamStuck_0,0.6238800848404591,11,9.0,1,
supply fan,effort,Transition,2008-05-08,OADamStuck_40,0.3235135283392421,11,9.0,1,
supply fan,effort,Transition,2008-05-10,EADamStuck_0,0.0015916780405478652,11,,0,
supply fan,effort,Transition,2008-05-11,EADamStuck_40,-0.0007199081563646452,11,,0,
supply fan,effort,Transition,2008-05-12,RetFan_Fail,-0.0010066394856395868,11,,0,
supply fan,effort,Transition,2008-05-13,MADam_Unst,-0.0013098824795742322,15,,0,
supply fan,effort,Transition,2008-05-14,Con_MADam_CooCoi_Unst,0.010895563390167557,17,,0,
supply fan,effort,Transition,2008-05-15,CooCoilValStuck_100,0.004618252183729618,11,,0,
supply fan,effort,Transition,2008-05-16,CooCoilValStuck_50,0.003604803212962087,11,,0,
supply fan,effort,Transition,2008-05-17,HeaCooSeq_Unst,0.007129258879463964,17,,0,
supply fan,effort,Transition,2008-05-18,RetFanFixed_20,-0.0004626146522222504,17,,0,
supply fan,effort,Transition,2008-05-19,RetFanFixed_80,-0.0030478449818052114,17,,0,
supply fan,effort,Transition,2008-05-22,AirFilBlock_10,0.0016473940847671655,9,,0,
supply fan,effort,Transition,2008-05-25,AirFilBlock_25,0.01007517437796718,17,,0,
supply fan,effort,Transition,2008-05-27,EADamStuck_100,-0.004601966490784796,17,,0,
supply fan,effort,Transition,2008-05-29,TOut_p3,0.0031886556365108088,17,,0,
supply fan,effort,Transition,2008-05-30,TOut_m3,0.013012149311360393,17,,0,
supply fan,effort,Transition,2008-06-01,ConSupFan_Unst,0.006009642730856115,22,,0,
supply fan,effort,Winter,2008-02-02,EADamStuck_100,0.007226597731877821,11,,0,
supply fan,effort,Winter,2008-02-03,EADamStuck_0,0.01227744374741906,11,,0,
supply fan,effort,Winter,2008-02-05,HeaCoiFou_1,0.12604622369464433,11,9.0,1,
supply fan,effort,Winter,2008-02-06,HeaCoiFou_2,0.27711409459728265,11,10.0,1,
supply fan,effort,Winter,2008-02-07,HeatCoiReduCapa_1,0.01647043814752512,11,,0,
supply fan,effort,Winter,2008-02-08,HeatCoiReduCapa_2,0.008150443712450167,11,,0,
supply fan,effort,Winter,2008-02-09,HeatCoiReduCapa_3,0.011841368031642329,11,,0,
supply fan,effort,Winter,2008-02-10,CooCoiValStuck_100,-0.005114973649097054,11,,0,
supply fan,effort,Winter,2008-02-11,CooCoiValStuck_20,0.010641538606478235,11,,0,
supply fan,effort,Winter,2008-02-12,OADamStuck_0,0.5687004793942747,11,9.0,1,
supply fan,effort,Winter,2008-02-13,OADamLea_52,-0.005272491729171206,11,,0,
supply fan,effort,Winter,2008-02-15,EADamLea_62,-0.019894548190200846,11,,0,
supply air temperature cooling,cv,Summer,2007-08-20,EADamStuck_100,-0.17721234368980313,11,,0,
supply air temperature cooling,cv,Summer,2007-08-21,EADamStuck_0,-0.06412676014905569,11,,0,
supply air temperature cooling,cv,Summer,2007-08-22,RetFanFixed_30,0.08198912851932486,11,,0,
supply air temperature cooling,cv,Summer,2007-08-23,RetFan_Fail,0.012052303741409457,11,,0,
supply air temperature cooling,cv,Summer,2007-08-24,ConCooCoiVal_Unst,-0.014897270356795186,11,,0,
supply air temperature cooling,cv,Summer,2007-08-26,OADamStuck_0,0.02883203322008791,11,,0,
supply air temperature cooling,cv,Summer,2007-08-27,CooCoiValStuck_0,15.019023686907914,11,10.0,1,
supply air temperature cooling,cv,Summer,2007-08-28,HeaCoiValLeak_0.4,0.23204772981630162,11,,0,
supply air temperature cooling,cv,Summer,2007-08-29,HeaCoiValLea_1,-0.09925809028492795,11,,0,
supply air temperature cooling,cv,Summer,2007-08-30,HeaCoiValLa_2,-0.03053722235583283,11,,0,
supply air temperature cooling,cv,Summer,2007-08-31,CooCoiValStuck_100,-0.36436793348332597,11,,0,
supply air temperature cooling,cv,Summer,2007-09-01,CooCoiValStuck_15,11.162672313855934,11,10.0,1,
supply air temperature cooling,cv,Summer,2007-09-02,CooCoiValStuck_65,-0.6074377075163739,11,,0,
supply air temperature cooling,cv,Summer,2007-09-03,CooCoiVal_Reverse,-0.734434280943827,11,,0,
supply air temperature cooling,cv,Summer,2007-09-05,OADamLeak_45,-0.21495736347197222,11,,0,
supply air temperature cooling,cv,Summer,2007-09-06,OADamLeak_55,-0.2284772267045969,11,,0,
supply air temperature cooling,cv,Summer,2007-09-07,SupDucLea_AfterSF,-0.1451144179691936,11,,0,
supply air temperature cooling,cv,Summer,2007-09-08,SupDucLea_BeforeSF,-0.0295756433023847,11,,0,
supply air temperature cooling,cv,Transition,2008-05-06,CooCoiVal_Stuck_0,9.656383334741312,11,10.0,1,
supply air temperature cooling,cv,Transition,2008-05-07,OADamStuck_0,-1.585363242810745,11,,0,
supply air temperature cooling,cv,Transition,2008-05-08,OADamStuck_40,-0.5633710085513287,11,,0,
supply air temperature cooling,cv,Transition,2008-05-10,EADamStuck_0,-0.020891342547695844,11,,0,
supply air temperature cooling,cv,Transition,2008-05-11,EADamStuck_40,-0.262942004399266,11,,0,
supply air temperature cooling,cv,Transition,2008-05-12,RetFan_Fail,-0.00961071490259816,11,,0,
supply air temperature cooling,cv,Transition,2008-05-13,MADam_Unst,-0.052633811940530226,15,,0,
supply air temperature cooling,cv,Transition,2008-05-14,Con_MADam_CooCoi_Unst,-0.4611679633078269,17,,0,
supply air temperature cooling,cv,Transition,2008-05-15,CooCoilValStuck_100,-1.583584518765015,11,,0,
supply air temperature cooling,cv,Transition,2008-05-16,CooCoilValStuck_50,-0.5206401199690729,11,,0,
supply air temperature cooling,cv,Transition,2008-05-17,HeaCooSeq_Unst,0.055448622169704496,17,,0,
supply air temperature cooling,cv,Transition,2008-05-18,RetFanFixed_20,0.03225024289962331,17,,0,
supply air temperature cooling,cv,Transition,2008-05-19,RetFanFixed_80,0.1058164061714684,17,,0,
supply air temperature cooling,cv,Transition,2008-05-22,AirFilBlock_10,0.04925296934685415,9,,0,
supply air temperature cooling,cv,Transition,2008-05-25,AirFilBlock_25,-0.1562251968196185,17,,0,
supply air temperature cooling,cv,Transition,2008-05-27,EADamStuck_100,-0.06275025934879883,17,,0,
supply air temperature cooling,cv,Transition,2008-05-29,TOut_p3,-0.254869215540834,17,,0,
supply air temperature cooling,cv,Transition,2008-05-30,TOut_m3,-0.3623378172172472,17,,0,
supply air temperature cooling,cv,Transition,2008-06-01,ConSupFan_Unst,-0.6170702369815398,22,,0,
supply air temperature heating,cv,Winter,2008-02-02,EADamStuck_100,-0.13843160013554315,11,,0,
supply air temperature heating,cv,Winter,2008-02-03,EADamStuck_0,-2.059939493476819,11,,0,
supply air temperature heating,cv,Winter,2008-02-05,HeaCoiFou_1,-1.1885131513394978,11,,0,
supply air temperature heating,cv,Winter,2008-02-06,HeaCoiFou_2,-1.4062983753869287,11,,0,
supply air temperature heating,cv,Winter,2008-02-07,HeatCoiReduCapa_1,-0.13089066816203196,11,,0,
supply air temperature heating,cv,Winter,2008-02-08,HeatCoiReduCapa_2,-1.215000963160547,11,,0,
supply air temperature heating,cv,Winter,2008-02-09,HeatCoiReduCapa_3,-1.1973927445171384,11,,0,
supply air temperature heating,cv,Winter,2008-02-10,CooCoiValStuck_100,-5.668325026542245,11,,0,
supply air temperature heating,cv,Winter,2008-02-11,CooCoiValStuck_20,-0.08780041140138078,11,,0,
supply air temperature heating,cv,Winter,2008-02-12,OADamStuck_0,0.9209880028107188,11,,0,
supply air temperature heating,cv,Winter,2008-02-13,OADamLea_52,-0.08441871162150591,11,,0,
supply air temperature heating,cv,Winter,2008-02-15,EADamLea_62,-0.083459479581429,11,,0,
duct static pressure,cv,Summer,2007-08-20,EADamStuck_100,-0.0016901710441080378,11,,0,
duct static pressure,cv,Summer,2007-08-21,EADamStuck_0,-0.023736143128100386,11,,0,
duct static pressure,cv,Summer,2007-08-22,RetFanFixed_30,0.004972060816978778,11,,0,
duct static pressure,cv,Summer,2007-08-23,RetFan_Fail,-0.002641086370980902,11,,0,
duct static pressure,cv,Summer,2007-08-24,ConCooCoiVal_Unst,0.007331526101244078,11,,0,
duct static pressure,cv,Summer,2007-08-26,OADamStuck_0,0.5534171900145133,11,10.0,1,
duct static pressure,cv,Summer,2007-08-27,CooCoiValStuck_0,-0.03379004659600881,11,,0,
duct static pressure,cv,Summer,2007-08-28,HeaCoiValLeak_0.4,0.010142313095028674,11,,0,
duct static pressure,cv,Summer,2007-08-29,HeaCoiValLea_1,0.0008898144049215198,11,,0,
duct static pressure,cv,Summer,2007-08-30,HeaCoiValLa_2,-0.00018631267229747293,11,,0,
duct static pressure,cv,Summer,2007-08-31,CooCoiValStuck_100,0.5737761015389303,11,11.0,1,
duct static pressure,cv,Summer,2007-09-01,CooCoiValStuck_15,0.061534444371073305,11,,0,
duct static pressure,cv,Summer,2007-09-02,CooCoiValStuck_65,0.7129943295700737,11,9.0,1,
duct static pressure,cv,Summer,2007-09-03,CooCoiVal_Reverse,0.7097355656612074,11,9.0,1,
duct static pressure,cv,Summer,2007-09-05,OADamLeak_45,0.003418411148018257,11,,0,
duct static pressure,cv,Summer,2007-09-06,OADamLeak_55,0.06883593480770013,11,,0,
duct static pressure,cv,Summer,2007-09-07,SupDucLea_AfterSF,-0.00840550731854354,11,,0,
duct static pressure,cv,Summer,2007-09-08,SupDucLea_BeforeSF,-0.002412704518801897,11,,0,
duct static pressure,cv,Transition,2008-05-06,CooCoiVal_Stuck_0,0.057200050769375455,11,,0,
duct static pressure,cv,Transition,2008-05-07,OADamStuck_0,-0.6210838460753537,11,9.0,-1,
duct static pressure,cv,Transition,2008-05-08,OADamStuck_40,-1.0005671234964506,11,9.0,-1,
duct static pressure,cv,Transition,2008-05-10,EADamStuck_0,-0.000430958621135499,11,,0,
duct static pressure,cv,Transition,2008-05-11,EADamStuck_40,-0.0016991888462200265,11,,0,
duct static pressure,cv,Transition,2008-05-12,RetFan_Fail,0.001211958210742153,11,,0,
duct static pressure,cv,Transition,2008-05-13,MADam_Unst,-0.0019026208075242294,15,,0,
duct static pressure,cv,Transition,2008-05-14,Con_MADam_CooCoi_Unst,0.04456604273500857,17,,0,
duct static pressure,cv,Transition,2008-05-15,CooCoilValStuck_100,0.0074325720247988315,11,,0,
duct static pressure,cv,Transition,2008-05-16,CooCoilValStuck_50,0.0020772665038424794,11,,0,
duct static pressure,cv,Transition,2008-05-17,HeaCooSeq_Unst,0.029463422301851862,17,,0,
duct static pressure,cv,Transition,2008-05-18,RetFanFixed_20,-0.0005005421715553012,17,,0,
duct static pressure,cv,Transition,2008-05-19,RetFanFixed_80,-0.00019379931813446,17,,0,
duct static pressure,cv,Transition,2008-05-22,AirFilBlock_10,-0.009323626198466507,9,,0,
duct static pressure,cv,Transition,2008-05-25,AirFilBlock_25,0.005939559031009447,17,,0,
duct static pressure,cv,Transition,2008-05-27,EADamStuck_100,-0.00482112454847264,17,,0,
duct static pressure,cv,Transition,2008-05-29,TOut_p3,0.0006259890564449708,17,,0,
duct static pressure,cv,Transition,2008-05-30,TOut_m3,0.007026976463360639,17,,0,
duct static pressure,cv,Transition,2008-06-01,ConSupFan_Unst,0.004534916745612091,22,,0,
duct static pressure,cv,Winter,2008-02-02,EADamStuck_100,0.005819794087349203,11,,0,
duct static pressure,cv,Winter,2008-02-03,EADamStuck_0,0.009523210555593001,11,,0,
duct static pressure,cv,Winter,2008-02-05,HeaCoiFou_1,0.00587587920904866,11,,0,
duct static pressure,cv,Winter,2008-02-06,HeaCoiFou_2,-0.24160833717717362,11,10.0,-1,
duct static pressure,cv,Winter,2008-02-07,HeatCoiReduCapa_1,0.00389114106050703,11,,0,
duct static pressure,cv,Winter,2008-02-08,HeatCoiReduCapa_2,0.007578069085370281,11,,0,
duct static pressure,cv,Winter,2008-02-09,HeatCoiReduCapa_3,0.004915176396289545,11,,0,
duct static pressure,cv,Winter,2008-02-10,CooCoiValStuck_100,0.0029300477314486194,11,,0,
duct static pressure,cv,Winter,2008-02-11,CooCoiValStuck_20,0.0025216261277973846,11,,0,
duct static pressure,cv,Winter,2008-02-12,OADamStuck_0,-0.5930983982657448,11,9.0,-1,
duct static pressure,cv,Winter,2008-02-13,OADamLea_52,0.025682108815565388,11,,0,
duct static pressure,cv,Winter,2008-02-15,EADamLea_62,6.479856002439956e-05,11,,0,
